<?xml version="1.0" encoding="UTF-8"?>
<alto xmlns:xsi="http://www.w3.org/2001/XMLSchema-instance" xsi:noNamespaceSchemaLocation="http://www.bl.uk/schemas/alto/alto-1-4.xsd" xmlns:xlink="http://www.w3.org/1999/xlink">
	<Description>
		<MeasurementUnit>mm10</MeasurementUnit>
		<sourceImageInformation>
			<fileName>//head1/IN/A0010219301/007724.jp2</fileName>
		</sourceImageInformation>
		<OCRProcessing ID="OCRPROCESSING_1">
			<preProcessingStep>
				<processingSoftware>
					<softwareCreator>CCS Content Conversion Specialists GmbH, Germany</softwareCreator>
					<softwareName>CCS docWORKS</softwareName>
					<softwareVersion>6.1-0.54</softwareVersion>
				</processingSoftware>
			</preProcessingStep>
			<ocrProcessingStep>
				<processingSoftware>
					<softwareCreator>ABBYY (BIT Software), Russia</softwareCreator>
					<softwareName>Finereader</softwareName>
				</processingSoftware>
			</ocrProcessingStep>
		</OCRProcessing>
	</Description>
	<Styles/>
	<Layout>
		<Page ID="P24" PHYSICAL_IMG_NR="24" HEIGHT="2265" WIDTH="1634" POSITION="Left">
			<TopMargin ID="P24_TM00001" HPOS="0" VPOS="0" WIDTH="1634" HEIGHT="0"/>
			<LeftMargin ID="P24_LM00001" HPOS="0" VPOS="0" WIDTH="0" HEIGHT="2265"/>
			<RightMargin ID="P24_RM00001" HPOS="1634" VPOS="0" WIDTH="0" HEIGHT="2265"/>
			<BottomMargin ID="P24_BM00001" HPOS="0" VPOS="2265" WIDTH="1634" HEIGHT="0"/>
			<PrintSpace ID="P24_PS00001" HPOS="0" VPOS="0" WIDTH="1634" HEIGHT="2265"/>
		</Page>
	</Layout>
</alto>
