<?xml version="1.0" encoding="UTF-8"?>
<alto xmlns:xsi="http://www.w3.org/2001/XMLSchema-instance" xsi:noNamespaceSchemaLocation="http://www.bl.uk/schemas/alto/alto-1-4.xsd" xmlns:xlink="http://www.w3.org/1999/xlink">
	<Description>
		<MeasurementUnit>mm10</MeasurementUnit>
		<sourceImageInformation>
			<fileName>//head1/IN/A0010219301/007710.jp2</fileName>
		</sourceImageInformation>
		<OCRProcessing ID="OCRPROCESSING_1">
			<preProcessingStep>
				<processingSoftware>
					<softwareCreator>CCS Content Conversion Specialists GmbH, Germany</softwareCreator>
					<softwareName>CCS docWORKS</softwareName>
					<softwareVersion>6.1-0.54</softwareVersion>
				</processingSoftware>
			</preProcessingStep>
			<ocrProcessingStep>
				<processingSoftware>
					<softwareCreator>ABBYY (BIT Software), Russia</softwareCreator>
					<softwareName>Finereader</softwareName>
				</processingSoftware>
			</ocrProcessingStep>
		</OCRProcessing>
	</Description>
	<Styles>
		<TextStyle ID="TXT_0" FONTSIZE="11" FONTFAMILY="Courier New"/>
		<TextStyle ID="TXT_1" FONTSIZE="10" FONTFAMILY="Courier New"/>
		<ParagraphStyle ID="PAR_RIGHT" ALIGN="Right"/>
		<ParagraphStyle ID="PAR_LEFT" ALIGN="Left"/>
	</Styles>
	<Layout>
		<Page ID="P10" PHYSICAL_IMG_NR="10" HEIGHT="2267" WIDTH="1634" PRINTED_IMG_NR="4" POSITION="Left" ACCURACY="63.10">
			<TopMargin ID="P10_TM00001" HPOS="0" VPOS="0" WIDTH="1634" HEIGHT="210">
				<TextBlock ID="P10_TB00001" HPOS="735" VPOS="164" WIDTH="196" HEIGHT="43" STYLEREFS="TXT_0 PAR_RIGHT">
					<TextLine ID="P10_TL00001" HPOS="869" VPOS="194" WIDTH="62" HEIGHT="13">
						<String ID="P10_ST00001" HPOS="869" VPOS="194" WIDTH="62" HEIGHT="13" CONTENT="4" WC="1.00" CC="0"/>
					</TextLine>
				</TextBlock>
			</TopMargin>
			<LeftMargin ID="P10_LM00001" HPOS="0" VPOS="210" WIDTH="276" HEIGHT="1919"/>
			<RightMargin ID="P10_RM00001" HPOS="1451" VPOS="210" WIDTH="183" HEIGHT="1919"/>
			<BottomMargin ID="P10_BM00001" HPOS="0" VPOS="2129" WIDTH="1634" HEIGHT="138">
				<TextBlock ID="P10_TB00002" HPOS="1454" VPOS="2123" WIDTH="8" HEIGHT="13" STYLEREFS="TXT_1 PAR_RIGHT">
					<TextLine ID="P10_TL00002" HPOS="1455" VPOS="2125" WIDTH="7" HEIGHT="11">
						<String ID="P10_ST00002" HPOS="1455" VPOS="2125" WIDTH="7" HEIGHT="11" CONTENT="}" WC="0.67" CC="3"/>
					</TextLine>
				</TextBlock>
			</BottomMargin>
			<PrintSpace ID="P10_PS00001" HPOS="276" VPOS="210" WIDTH="1175" HEIGHT="1919">
				<TextBlock ID="P10_TB00003" HPOS="285" VPOS="266" WIDTH="701" HEIGHT="115" STYLEREFS="TXT_1 PAR_LEFT">
					<TextLine ID="P10_TL00003" HPOS="285" VPOS="267" WIDTH="701" HEIGHT="55">
						<String ID="P10_ST00003" HPOS="285" VPOS="279" WIDTH="157" HEIGHT="36" CONTENT="Insatiate" WC="0.48" CC="276666640"/>
						<SP ID="P10_SP00001" HPOS="442" VPOS="315" WIDTH="19"/>
						<String ID="P10_ST00004" HPOS="461" VPOS="276" WIDTH="113" HEIGHT="46" CONTENT="sparks" WC="0.48" CC="666820"/>
						<SP ID="P10_SP00002" HPOS="574" VPOS="322" WIDTH="16"/>
						<String ID="P10_ST00005" HPOS="590" VPOS="272" WIDTH="39" HEIGHT="35" CONTENT="of" WC="0.46" CC="36"/>
						<SP ID="P10_SP00003" HPOS="629" VPOS="322" WIDTH="22"/>
						<String ID="P10_ST00006" HPOS="651" VPOS="282" WIDTH="74" HEIGHT="23" CONTENT="ever" WC="0.58" CC="0456"/>
						<SP ID="P10_SP00004" HPOS="725" VPOS="322" WIDTH="14"/>
						<String ID="P10_ST00007" HPOS="739" VPOS="282" WIDTH="118" HEIGHT="34" CONTENT="young" WC="0.62" CC="00684"/>
						<SP ID="P10_SP00005" HPOS="857" VPOS="322" WIDTH="16"/>
						<String ID="P10_ST00008" HPOS="873" VPOS="267" WIDTH="113" HEIGHT="42" CONTENT="desire," WC="0.78" CC="4000604"/>
					</TextLine>
					<TextLine ID="P10_TL00004" HPOS="285" VPOS="331" WIDTH="662" HEIGHT="50">
						<String ID="P10_ST00009" HPOS="285" VPOS="344" WIDTH="55" HEIGHT="32" CONTENT="An" WC="0.23" CC="78"/>
						<SP ID="P10_SP00006" HPOS="340" VPOS="376" WIDTH="19"/>
						<String ID="P10_ST00010" HPOS="359" VPOS="338" WIDTH="106" HEIGHT="43" CONTENT="object" WC="0.74" CC="325200"/>
						<SP ID="P10_SP00007" HPOS="465" VPOS="381" WIDTH="17"/>
						<String ID="P10_ST00011" HPOS="482" VPOS="337" WIDTH="69" HEIGHT="33" CONTENT="vast" WC="0.95" CC="0200"/>
						<SP ID="P10_SP00008" HPOS="551" VPOS="381" WIDTH="17"/>
						<String ID="P10_ST00012" HPOS="568" VPOS="336" WIDTH="65" HEIGHT="33" CONTENT="and" WC="0.42" CC="484"/>
						<SP ID="P10_SP00009" HPOS="633" VPOS="381" WIDTH="12"/>
						<String ID="P10_ST00013" HPOS="645" VPOS="334" WIDTH="142" HEIGHT="34" CONTENT="durable" WC="0.68" CC="8146010"/>
						<SP ID="P10_SP00010" HPOS="787" VPOS="381" WIDTH="17"/>
						<String ID="P10_ST00014" HPOS="804" VPOS="331" WIDTH="143" HEIGHT="46" CONTENT="require." WC="0.73" CC="00157500"/>
					</TextLine>
				</TextBlock>
				<TextBlock ID="P10_TB00004" HPOS="283" VPOS="387" WIDTH="946" HEIGHT="370" STYLEREFS="TXT_1 PAR_LEFT">
					<TextLine ID="P10_TL00005" HPOS="284" VPOS="389" WIDTH="920" HEIGHT="48">
						<String ID="P10_ST00015" HPOS="284" VPOS="406" WIDTH="92" HEIGHT="31" CONTENT="Love" WC="0.60" CC="5550"/>
						<SP ID="P10_SP00011" HPOS="376" VPOS="437" WIDTH="16"/>
						<String ID="P10_ST00016" HPOS="392" VPOS="398" WIDTH="97" HEIGHT="39" CONTENT="God;" WC="0.61" CC="0078"/>
						<SP ID="P10_SP00012" HPOS="489" VPOS="437" WIDTH="28"/>
						<String ID="P10_ST00017" HPOS="517" VPOS="398" WIDTH="41" HEIGHT="33" CONTENT="he" WC="0.45" CC="55"/>
						<SP ID="P10_SP00013" HPOS="558" VPOS="437" WIDTH="17"/>
						<String ID="P10_ST00018" HPOS="575" VPOS="396" WIDTH="27" HEIGHT="34" CONTENT="is" WC="0.76" CC="40"/>
						<SP ID="P10_SP00014" HPOS="602" VPOS="437" WIDTH="96"/>
						<String ID="P10_ST00019" HPOS="698" VPOS="394" WIDTH="80" HEIGHT="34" CONTENT="who" WC="0.40" CC="584"/>
						<SP ID="P10_SP00015" HPOS="778" VPOS="437" WIDTH="18"/>
						<String ID="P10_ST00020" HPOS="796" VPOS="394" WIDTH="93" HEIGHT="34" CONTENT="what" WC="0.51" CC="2564"/>
						<SP ID="P10_SP00016" HPOS="889" VPOS="437" WIDTH="14"/>
						<String ID="P10_ST00021" HPOS="903" VPOS="393" WIDTH="42" HEIGHT="33" CONTENT="he" WC="0.83" CC="30"/>
						<SP ID="P10_SP00017" HPOS="945" VPOS="437" WIDTH="17"/>
						<String ID="P10_ST00022" HPOS="962" VPOS="391" WIDTH="28" HEIGHT="34" CONTENT="is" WC="0.59" CC="80"/>
						<SP ID="P10_SP00018" HPOS="990" VPOS="437" WIDTH="20"/>
						<String ID="P10_ST00023" HPOS="1010" VPOS="403" WIDTH="63" HEIGHT="22" CONTENT="can" WC="0.55" CC="057"/>
						<SP ID="P10_SP00019" HPOS="1073" VPOS="437" WIDTH="19"/>
						<String ID="P10_ST00024" HPOS="1092" VPOS="389" WIDTH="112" HEIGHT="47" CONTENT="speak," WC="0.55" CC="770073"/>
					</TextLine>
					<TextLine ID="P10_TL00006" HPOS="286" VPOS="453" WIDTH="943" HEIGHT="50">
						<String ID="P10_ST00025" HPOS="286" VPOS="463" WIDTH="100" HEIGHT="33" CONTENT="With" WC="0.79" CC="0430"/>
						<SP ID="P10_SP00020" HPOS="386" VPOS="496" WIDTH="13"/>
						<String ID="P10_ST00026" HPOS="399" VPOS="462" WIDTH="114" HEIGHT="33" CONTENT="whom" WC="0.69" CC="0524"/>
						<SP ID="P10_SP00021" HPOS="513" VPOS="496" WIDTH="13"/>
						<String ID="P10_ST00027" HPOS="526" VPOS="457" WIDTH="172" HEIGHT="46" CONTENT="compar'd" WC="0.44" CC="02777863"/>
						<SP ID="P10_SP00022" HPOS="698" VPOS="503" WIDTH="15"/>
						<String ID="P10_ST00028" HPOS="713" VPOS="456" WIDTH="45" HEIGHT="33" CONTENT="all" WC="0.43" CC="744"/>
						<SP ID="P10_SP00023" HPOS="758" VPOS="503" WIDTH="18"/>
						<String ID="P10_ST00029" HPOS="776" VPOS="458" WIDTH="146" HEIGHT="31" CONTENT="nature's" WC="0.60" CC="06077007"/>
						<SP ID="P10_SP00024" HPOS="922" VPOS="503" WIDTH="17"/>
						<String ID="P10_ST00030" HPOS="939" VPOS="466" WIDTH="116" HEIGHT="34" CONTENT="power" WC="0.70" CC="42008"/>
						<SP ID="P10_SP00025" HPOS="1055" VPOS="503" WIDTH="12"/>
						<String ID="P10_ST00031" HPOS="1067" VPOS="453" WIDTH="27" HEIGHT="34" CONTENT="is" WC="0.70" CC="50"/>
						<SP ID="P10_SP00026" HPOS="1094" VPOS="503" WIDTH="14"/>
						<String ID="P10_ST00032" HPOS="1108" VPOS="453" WIDTH="96" HEIGHT="36" CONTENT="weak" WC="0.74" CC="0720"/>
						<SP ID="P10_SP00027" HPOS="1204" VPOS="503" WIDTH="11"/>
						<String ID="P10_ST00033" HPOS="1215" VPOS="454" WIDTH="14" HEIGHT="35" CONTENT="?" WC="0.15" CC="8"/>
					</TextLine>
					<TextLine ID="P10_TL00007" HPOS="284" VPOS="519" WIDTH="788" HEIGHT="47">
						<String ID="P10_ST00034" HPOS="284" VPOS="533" WIDTH="113" HEIGHT="33" CONTENT="Could" WC="0.80" CC="01080"/>
						<SP ID="P10_SP00028" HPOS="397" VPOS="566" WIDTH="18"/>
						<String ID="P10_ST00035" HPOS="415" VPOS="543" WIDTH="49" HEIGHT="21" CONTENT="we" WC="0.86" CC="02"/>
						<SP ID="P10_SP00029" HPOS="464" VPOS="566" WIDTH="13"/>
						<String ID="P10_ST00036" HPOS="477" VPOS="538" WIDTH="134" HEIGHT="25" CONTENT="remove" WC="0.59" CC="137244"/>
						<SP ID="P10_SP00030" HPOS="611" VPOS="566" WIDTH="13"/>
						<String ID="P10_ST00037" HPOS="624" VPOS="525" WIDTH="56" HEIGHT="33" CONTENT="the" WC="0.72" CC="250"/>
						<SP ID="P10_SP00031" HPOS="680" VPOS="566" WIDTH="16"/>
						<String ID="P10_ST00038" HPOS="696" VPOS="523" WIDTH="133" HEIGHT="35" CONTENT="curtain" WC="0.78" CC="0020560"/>
						<SP ID="P10_SP00032" HPOS="829" VPOS="566" WIDTH="14"/>
						<String ID="P10_ST00039" HPOS="843" VPOS="522" WIDTH="40" HEIGHT="34" CONTENT="of" WC="0.62" CC="07"/>
						<SP ID="P10_SP00033" HPOS="883" VPOS="566" WIDTH="22"/>
						<String ID="P10_ST00040" HPOS="905" VPOS="520" WIDTH="57" HEIGHT="34" CONTENT="the" WC="0.83" CC="310"/>
						<SP ID="P10_SP00034" HPOS="962" VPOS="566" WIDTH="16"/>
						<String ID="P10_ST00041" HPOS="978" VPOS="519" WIDTH="94" HEIGHT="42" CONTENT="ikies," WC="0.67" CC="705006"/>
					</TextLine>
					<TextLine ID="P10_TL00008" HPOS="284" VPOS="583" WIDTH="863" HEIGHT="46">
						<String ID="P10_ST00042" HPOS="284" VPOS="592" WIDTH="129" HEIGHT="34" CONTENT="Which" WC="0.44" CC="06858"/>
						<SP ID="P10_SP00035" HPOS="413" VPOS="626" WIDTH="11"/>
						<String ID="P10_ST00043" HPOS="424" VPOS="591" WIDTH="96" HEIGHT="33" CONTENT="hides" WC="0.53" CC="88330"/>
						<SP ID="P10_SP00036" HPOS="520" VPOS="626" WIDTH="17"/>
						<String ID="P10_ST00044" HPOS="537" VPOS="587" WIDTH="52" HEIGHT="34" CONTENT="his" WC="0.61" CC="470"/>
						<SP ID="P10_SP00037" HPOS="589" VPOS="626" WIDTH="14"/>
						<String ID="P10_ST00045" HPOS="603" VPOS="585" WIDTH="103" HEIGHT="34" CONTENT="lustre" WC="0.75" CC="070034"/>
						<SP ID="P10_SP00038" HPOS="706" VPOS="626" WIDTH="17"/>
						<String ID="P10_ST00046" HPOS="723" VPOS="585" WIDTH="91" HEIGHT="34" CONTENT="from" WC="0.63" CC="0707"/>
						<SP ID="P10_SP00039" HPOS="814" VPOS="626" WIDTH="14"/>
						<String ID="P10_ST00047" HPOS="828" VPOS="594" WIDTH="65" HEIGHT="22" CONTENT="our" WC="0.62" CC="047"/>
						<SP ID="P10_SP00040" HPOS="893" VPOS="626" WIDTH="18"/>
						<String ID="P10_ST00048" HPOS="911" VPOS="583" WIDTH="122" HEIGHT="32" CONTENT="mortal" WC="0.86" CC="501000"/>
						<SP ID="P10_SP00041" HPOS="1033" VPOS="626" WIDTH="17"/>
						<String ID="P10_ST00049" HPOS="1050" VPOS="594" WIDTH="73" HEIGHT="35" CONTENT="eyes" WC="0.84" CC="0600"/>
						<SP ID="P10_SP00042" HPOS="1123" VPOS="629" WIDTH="14"/>
						<String ID="P10_ST00050" HPOS="1137" VPOS="599" WIDTH="10" HEIGHT="25" CONTENT="j" WC="0.18" CC="8"/>
					</TextLine>
					<TextLine ID="P10_TL00009" HPOS="283" VPOS="643" WIDTH="846" HEIGHT="53">
						<String ID="P10_ST00051" HPOS="283" VPOS="654" WIDTH="77" HEIGHT="34" CONTENT="The" WC="0.44" CC="276"/>
						<SP ID="P10_SP00043" HPOS="360" VPOS="688" WIDTH="14"/>
						<String ID="P10_ST00052" HPOS="374" VPOS="652" WIDTH="117" HEIGHT="44" CONTENT="height" WC="0.59" CC="465160"/>
						<SP ID="P10_SP00044" HPOS="491" VPOS="696" WIDTH="18"/>
						<String ID="P10_ST00053" HPOS="509" VPOS="650" WIDTH="40" HEIGHT="34" CONTENT="of" WC="0.84" CC="03"/>
						<SP ID="P10_SP00045" HPOS="549" VPOS="696" WIDTH="21"/>
						<String ID="P10_ST00054" HPOS="570" VPOS="650" WIDTH="124" HEIGHT="40" CONTENT="beauty" WC="0.50" CC="645255"/>
						<SP ID="P10_SP00046" HPOS="694" VPOS="696" WIDTH="14"/>
						<String ID="P10_ST00055" HPOS="708" VPOS="646" WIDTH="88" HEIGHT="33" CONTENT="must" WC="0.79" CC="1600"/>
						<SP ID="P10_SP00047" HPOS="796" VPOS="696" WIDTH="18"/>
						<String ID="P10_ST00056" HPOS="814" VPOS="643" WIDTH="165" HEIGHT="36" CONTENT="deform'd" WC="0.66" CC="20760603"/>
						<SP ID="P10_SP00048" HPOS="979" VPOS="696" WIDTH="16"/>
						<String ID="P10_ST00057" HPOS="995" VPOS="656" WIDTH="134" HEIGHT="34" CONTENT="appear," WC="0.52" CC="3460486"/>
					</TextLine>
					<TextLine ID="P10_TL00010" HPOS="284" VPOS="707" WIDTH="755" HEIGHT="50">
						<String ID="P10_ST00058" HPOS="284" VPOS="716" WIDTH="78" HEIGHT="32" CONTENT="And" WC="0.37" CC="575"/>
						<SP ID="P10_SP00049" HPOS="362" VPOS="748" WIDTH="20"/>
						<String ID="P10_ST00059" HPOS="382" VPOS="715" WIDTH="83" HEIGHT="42" CONTENT="folly" WC="0.41" CC="56763"/>
						<SP ID="P10_SP00050" HPOS="465" VPOS="757" WIDTH="18"/>
						<String ID="P10_ST00060" HPOS="483" VPOS="712" WIDTH="43" HEIGHT="35" CONTENT="all" WC="0.63" CC="073"/>
						<SP ID="P10_SP00051" HPOS="526" VPOS="757" WIDTH="17"/>
						<String ID="P10_ST00061" HPOS="543" VPOS="712" WIDTH="76" HEIGHT="33" CONTENT="that" WC="0.67" CC="1640"/>
						<SP ID="P10_SP00052" HPOS="619" VPOS="757" WIDTH="13"/>
						<String ID="P10_ST00062" HPOS="632" VPOS="722" WIDTH="50" HEIGHT="24" CONTENT="we" WC="0.22" CC="87"/>
						<SP ID="P10_SP00053" HPOS="682" VPOS="757" WIDTH="14"/>
						<String ID="P10_ST00063" HPOS="696" VPOS="708" WIDTH="81" HEIGHT="45" CONTENT="style" WC="0.69" CC="00870"/>
						<SP ID="P10_SP00054" HPOS="777" VPOS="757" WIDTH="14"/>
						<String ID="P10_ST00064" HPOS="791" VPOS="707" WIDTH="140" HEIGHT="33" CONTENT="wisdom" WC="0.81" CC="036100"/>
						<SP ID="P10_SP00055" HPOS="931" VPOS="757" WIDTH="17"/>
						<String ID="P10_ST00065" HPOS="948" VPOS="707" WIDTH="91" HEIGHT="33" CONTENT="here." WC="0.70" CC="82400"/>
					</TextLine>
				</TextBlock>
				<TextBlock ID="P10_TB00005" HPOS="278" VPOS="768" WIDTH="908" HEIGHT="667" STYLEREFS="TXT_1 PAR_LEFT">
					<TextLine ID="P10_TL00011" HPOS="282" VPOS="769" WIDTH="852" HEIGHT="43">
						<String ID="P10_ST00066" HPOS="282" VPOS="779" WIDTH="66" HEIGHT="33" CONTENT="Use" WC="0.41" CC="475"/>
						<SP ID="P10_SP00056" HPOS="348" VPOS="812" WIDTH="18"/>
						<String ID="P10_ST00067" HPOS="366" VPOS="784" WIDTH="61" HEIGHT="28" CONTENT="not" WC="0.43" CC="844"/>
						<SP ID="P10_SP00057" HPOS="427" VPOS="812" WIDTH="18"/>
						<String ID="P10_ST00068" HPOS="445" VPOS="778" WIDTH="57" HEIGHT="33" CONTENT="the" WC="0.70" CC="170"/>
						<SP ID="P10_SP00058" HPOS="502" VPOS="812" WIDTH="13"/>
						<String ID="P10_ST00069" HPOS="515" VPOS="775" WIDTH="117" HEIGHT="33" CONTENT="tender" WC="0.52" CC="507347"/>
						<SP ID="P10_SP00059" HPOS="632" VPOS="812" WIDTH="18"/>
						<String ID="P10_ST00070" HPOS="650" VPOS="783" WIDTH="114" HEIGHT="23" CONTENT="names" WC="0.78" CC="25200"/>
						<SP ID="P10_SP00060" HPOS="764" VPOS="812" WIDTH="18"/>
						<String ID="P10_ST00071" HPOS="782" VPOS="770" WIDTH="41" HEIGHT="33" CONTENT="of" WC="0.69" CC="14"/>
						<SP ID="P10_SP00061" HPOS="823" VPOS="812" WIDTH="21"/>
						<String ID="P10_ST00072" HPOS="844" VPOS="769" WIDTH="112" HEIGHT="33" CONTENT="friend" WC="0.66" CC="274140"/>
						<SP ID="P10_SP00062" HPOS="956" VPOS="812" WIDTH="20"/>
						<String ID="P10_ST00073" HPOS="976" VPOS="770" WIDTH="68" HEIGHT="33" CONTENT="and" WC="0.65" CC="360"/>
						<SP ID="P10_SP00063" HPOS="1044" VPOS="812" WIDTH="19"/>
						<String ID="P10_ST00074" HPOS="1063" VPOS="769" WIDTH="71" HEIGHT="41" CONTENT="sire," WC="0.72" CC="00606"/>
					</TextLine>
					<TextLine ID="P10_TL00012" HPOS="282" VPOS="832" WIDTH="702" HEIGHT="50">
						<String ID="P10_ST00075" HPOS="282" VPOS="842" WIDTH="55" HEIGHT="31" CONTENT="To" WC="0.58" CC="08"/>
						<SP ID="P10_SP00064" HPOS="337" VPOS="873" WIDTH="15"/>
						<String ID="P10_ST00076" HPOS="352" VPOS="841" WIDTH="60" HEIGHT="32" CONTENT="the" WC="0.57" CC="740"/>
						<SP ID="P10_SP00065" HPOS="412" VPOS="873" WIDTH="18"/>
						<String ID="P10_ST00077" HPOS="430" VPOS="839" WIDTH="73" HEIGHT="34" CONTENT="base" WC="0.95" CC="0100"/>
						<SP ID="P10_SP00066" HPOS="503" VPOS="873" WIDTH="13"/>
						<String ID="P10_ST00078" HPOS="516" VPOS="836" WIDTH="130" HEIGHT="46" CONTENT="captive" WC="0.72" CC="0540800"/>
						<SP ID="P10_SP00067" HPOS="646" VPOS="882" WIDTH="18"/>
						<String ID="P10_ST00079" HPOS="664" VPOS="834" WIDTH="40" HEIGHT="36" CONTENT="of" WC="0.61" CC="07"/>
						<SP ID="P10_SP00068" HPOS="704" VPOS="882" WIDTH="20"/>
						<String ID="P10_ST00080" HPOS="724" VPOS="833" WIDTH="135" HEIGHT="45" CONTENT="impure" WC="0.63" CC="366500"/>
						<SP ID="P10_SP00069" HPOS="859" VPOS="882" WIDTH="11"/>
						<String ID="P10_ST00081" HPOS="870" VPOS="832" WIDTH="114" HEIGHT="38" CONTENT="desire." WC="0.53" CC="6800673"/>
					</TextLine>
					<TextLine ID="P10_TL00013" HPOS="281" VPOS="894" WIDTH="722" HEIGHT="49">
						<String ID="P10_ST00082" HPOS="281" VPOS="903" WIDTH="59" HEIGHT="32" CONTENT="No" WC="0.72" CC="50"/>
						<SP ID="P10_SP00070" HPOS="340" VPOS="935" WIDTH="18"/>
						<String ID="P10_ST00083" HPOS="358" VPOS="912" WIDTH="92" HEIGHT="22" CONTENT="more" WC="0.80" CC="0250"/>
						<SP ID="P10_SP00071" HPOS="450" VPOS="935" WIDTH="17"/>
						<String ID="P10_ST00084" HPOS="467" VPOS="899" WIDTH="147" HEIGHT="44" CONTENT="imagine" WC="0.45" CC="5582880"/>
						<SP ID="P10_SP00072" HPOS="614" VPOS="943" WIDTH="20"/>
						<String ID="P10_ST00085" HPOS="634" VPOS="908" WIDTH="51" HEIGHT="22" CONTENT="me" WC="0.64" CC="70"/>
						<SP ID="P10_SP00073" HPOS="685" VPOS="943" WIDTH="15"/>
						<String ID="P10_ST00086" HPOS="700" VPOS="895" WIDTH="40" HEIGHT="34" CONTENT="of" WC="0.86" CC="02"/>
						<SP ID="P10_SP00074" HPOS="740" VPOS="943" WIDTH="21"/>
						<String ID="P10_ST00087" HPOS="761" VPOS="896" WIDTH="131" HEIGHT="32" CONTENT="human" WC="0.65" CC="13056"/>
						<SP ID="P10_SP00075" HPOS="892" VPOS="943" WIDTH="15"/>
						<String ID="P10_ST00088" HPOS="907" VPOS="894" WIDTH="96" HEIGHT="39" CONTENT="kind," WC="0.53" CC="35507"/>
					</TextLine>
					<TextLine ID="P10_TL00014" HPOS="282" VPOS="955" WIDTH="781" HEIGHT="43">
						<String ID="P10_ST00089" HPOS="282" VPOS="966" WIDTH="68" HEIGHT="31" CONTENT="But" WC="0.66" CC="810"/>
						<SP ID="P10_SP00076" HPOS="350" VPOS="997" WIDTH="15"/>
						<String ID="P10_ST00090" HPOS="365" VPOS="964" WIDTH="147" HEIGHT="34" CONTENT="without" WC="0.54" CC="5641085"/>
						<SP ID="P10_SP00077" HPOS="512" VPOS="998" WIDTH="17"/>
						<String ID="P10_ST00091" HPOS="529" VPOS="961" WIDTH="63" HEIGHT="33" CONTENT="veil" WC="0.64" CC="0075"/>
						<SP ID="P10_SP00078" HPOS="592" VPOS="998" WIDTH="18"/>
						<String ID="P10_ST00092" HPOS="610" VPOS="960" WIDTH="123" HEIGHT="34" CONTENT="behold" WC="0.91" CC="200020"/>
						<SP ID="P10_SP00079" HPOS="733" VPOS="998" WIDTH="19"/>
						<String ID="P10_ST00093" HPOS="752" VPOS="970" WIDTH="17" HEIGHT="21" CONTENT="a" WC="1.00" CC="0"/>
						<SP ID="P10_SP00080" HPOS="769" VPOS="998" WIDTH="17"/>
						<String ID="P10_ST00094" HPOS="786" VPOS="959" WIDTH="153" HEIGHT="31" CONTENT="demon's" WC="0.88" CC="4020000"/>
						<SP ID="P10_SP00081" HPOS="939" VPOS="998" WIDTH="17"/>
						<String ID="P10_ST00095" HPOS="956" VPOS="955" WIDTH="107" HEIGHT="34" CONTENT="mind." WC="0.74" CC="34040"/>
					</TextLine>
					<TextLine ID="P10_TL00015" HPOS="281" VPOS="1017" WIDTH="850" HEIGHT="49">
						<String ID="P10_ST00096" HPOS="281" VPOS="1022" WIDTH="192" HEIGHT="44" CONTENT="Unwilling" WC="0.62" CC="080661522"/>
						<SP ID="P10_SP00082" HPOS="473" VPOS="1066" WIDTH="16"/>
						<String ID="P10_ST00097" HPOS="489" VPOS="1022" WIDTH="114" HEIGHT="33" CONTENT="others" WC="0.64" CC="016480"/>
						<SP ID="P10_SP00083" HPOS="603" VPOS="1066" WIDTH="16"/>
						<String ID="P10_ST00098" HPOS="619" VPOS="1019" WIDTH="119" HEIGHT="34" CONTENT="mould" WC="0.44" CC="84545"/>
						<SP ID="P10_SP00084" HPOS="738" VPOS="1066" WIDTH="15"/>
						<String ID="P10_ST00099" HPOS="753" VPOS="1031" WIDTH="87" HEIGHT="33" CONTENT="your" WC="0.85" CC="0031"/>
						<SP ID="P10_SP00085" HPOS="840" VPOS="1066" WIDTH="12"/>
						<String ID="P10_ST00100" HPOS="852" VPOS="1017" WIDTH="157" HEIGHT="34" CONTENT="kindness" WC="0.82" CC="05400030"/>
						<SP ID="P10_SP00086" HPOS="1009" VPOS="1066" WIDTH="16"/>
						<String ID="P10_ST00101" HPOS="1025" VPOS="1019" WIDTH="106" HEIGHT="41" CONTENT="share," WC="0.56" CC="752306"/>
					</TextLine>
					<TextLine ID="P10_TL00016" HPOS="281" VPOS="1079" WIDTH="780" HEIGHT="48">
						<String ID="P10_ST00102" HPOS="281" VPOS="1083" WIDTH="15" HEIGHT="33" CONTENT="I" WC="0.21" CC="7"/>
						<SP ID="P10_SP00087" HPOS="296" VPOS="1116" WIDTH="19"/>
						<String ID="P10_ST00103" HPOS="315" VPOS="1082" WIDTH="123" HEIGHT="44" CONTENT="sought" WC="0.82" CC="214010"/>
						<String ID="P10_ST00104" HPOS="446" VPOS="1090" WIDTH="45" HEIGHT="25" CONTENT="-to" WC="0.74" CC="700"/>
						<SP ID="P10_SP00088" HPOS="491" VPOS="1126" WIDTH="18"/>
						<String ID="P10_ST00105" HPOS="509" VPOS="1082" WIDTH="131" HEIGHT="33" CONTENT="cloister" WC="0.61" CC="05380057"/>
						<SP ID="P10_SP00089" HPOS="640" VPOS="1126" WIDTH="17"/>
						<String ID="P10_ST00106" HPOS="657" VPOS="1093" WIDTH="67" HEIGHT="34" CONTENT="you" WC="0.80" CC="500"/>
						<SP ID="P10_SP00090" HPOS="724" VPOS="1127" WIDTH="18"/>
						<String ID="P10_ST00107" HPOS="742" VPOS="1080" WIDTH="86" HEIGHT="33" CONTENT="with" WC="0.67" CC="0704"/>
						<SP ID="P10_SP00091" HPOS="828" VPOS="1127" WIDTH="17"/>
						<String ID="P10_ST00108" HPOS="845" VPOS="1079" WIDTH="111" HEIGHT="46" CONTENT="guilty" WC="0.53" CC="177704"/>
						<SP ID="P10_SP00092" HPOS="956" VPOS="1127" WIDTH="18"/>
						<String ID="P10_ST00109" HPOS="974" VPOS="1092" WIDTH="87" HEIGHT="24" CONTENT="care." WC="0.66" CC="07800"/>
					</TextLine>
					<TextLine ID="P10_TL00017" HPOS="280" VPOS="1143" WIDTH="784" HEIGHT="41">
						<String ID="P10_ST00110" HPOS="280" VPOS="1143" WIDTH="144" HEIGHT="33" CONTENT="Brother" WC="0.50" CC="8460248"/>
						<SP ID="P10_SP00093" HPOS="424" VPOS="1176" WIDTH="17"/>
						<String ID="P10_ST00111" HPOS="441" VPOS="1144" WIDTH="66" HEIGHT="35" CONTENT="and" WC="0.45" CC="348"/>
						<SP ID="P10_SP00094" HPOS="507" VPOS="1179" WIDTH="13"/>
						<String ID="P10_ST00112" HPOS="520" VPOS="1143" WIDTH="153" HEIGHT="33" CONTENT="husband" WC="0.72" CC="1075040"/>
						<SP ID="P10_SP00095" HPOS="673" VPOS="1179" WIDTH="17"/>
						<String ID="P10_ST00113" HPOS="690" VPOS="1155" WIDTH="100" HEIGHT="21" CONTENT="never" WC="0.59" CC="36053"/>
						<SP ID="P10_SP00096" HPOS="790" VPOS="1179" WIDTH="17"/>
						<String ID="P10_ST00114" HPOS="807" VPOS="1143" WIDTH="65" HEIGHT="33" CONTENT="call" WC="0.61" CC="0544"/>
						<SP ID="P10_SP00097" HPOS="872" VPOS="1179" WIDTH="18"/>
						<String ID="P10_ST00115" HPOS="890" VPOS="1154" WIDTH="54" HEIGHT="22" CONTENT="me" WC="0.56" CC="61"/>
						<SP ID="P10_SP00098" HPOS="944" VPOS="1179" WIDTH="14"/>
						<String ID="P10_ST00116" HPOS="958" VPOS="1154" WIDTH="106" HEIGHT="30" CONTENT="more," WC="0.63" CC="03707"/>
					</TextLine>
					<TextLine ID="P10_TL00018" HPOS="280" VPOS="1204" WIDTH="906" HEIGHT="48">
						<String ID="P10_ST00117" HPOS="280" VPOS="1206" WIDTH="69" HEIGHT="31" CONTENT="But" WC="0.49" CC="770"/>
						<SP ID="P10_SP00099" HPOS="349" VPOS="1237" WIDTH="13"/>
						<String ID="P10_ST00118" HPOS="362" VPOS="1217" WIDTH="86" HEIGHT="32" CONTENT="your" WC="0.66" CC="2064"/>
						<SP ID="P10_SP00100" HPOS="448" VPOS="1249" WIDTH="16"/>
						<String ID="P10_ST00119" HPOS="464" VPOS="1206" WIDTH="136" HEIGHT="45" CONTENT="youth's" WC="0.77" CC="0160530"/>
						<SP ID="P10_SP00101" HPOS="600" VPOS="1251" WIDTH="19"/>
						<String ID="P10_ST00120" HPOS="619" VPOS="1205" WIDTH="136" HEIGHT="39" CONTENT="ruffian," WC="0.73" CC="02000386"/>
						<SP ID="P10_SP00102" HPOS="755" VPOS="1251" WIDTH="28"/>
						<String ID="P10_ST00121" HPOS="783" VPOS="1217" WIDTH="38" HEIGHT="20" CONTENT="or" WC="1.00" CC="00"/>
						<SP ID="P10_SP00103" HPOS="821" VPOS="1251" WIDTH="17"/>
						<String ID="P10_ST00122" HPOS="838" VPOS="1204" WIDTH="66" HEIGHT="33" CONTENT="still" WC="0.85" CC="00700"/>
						<SP ID="P10_SP00104" HPOS="904" VPOS="1251" WIDTH="14"/>
						<String ID="P10_ST00123" HPOS="918" VPOS="1205" WIDTH="104" HEIGHT="33" CONTENT="worse" WC="0.94" CC="00300"/>
						<SP ID="P10_SP00105" HPOS="1022" VPOS="1251" WIDTH="17"/>
						<String ID="P10_ST00124" HPOS="1039" VPOS="1207" WIDTH="147" HEIGHT="45" CONTENT="explore." WC="0.58" CC="03574650"/>
					</TextLine>
					<TextLine ID="P10_TL00019" HPOS="282" VPOS="1267" WIDTH="810" HEIGHT="46">
						<String ID="P10_ST00125" HPOS="282" VPOS="1267" WIDTH="55" HEIGHT="31" CONTENT="To" WC="0.91" CC="10"/>
						<SP ID="P10_SP00106" HPOS="337" VPOS="1298" WIDTH="18"/>
						<String ID="P10_ST00126" HPOS="355" VPOS="1267" WIDTH="78" HEIGHT="32" CONTENT="God" WC="1.00" CC="000"/>
						<SP ID="P10_SP00107" HPOS="433" VPOS="1299" WIDTH="15"/>
						<String ID="P10_ST00127" HPOS="448" VPOS="1269" WIDTH="14" HEIGHT="30" CONTENT="I" WC="1.00" CC="0"/>
						<SP ID="P10_SP00108" HPOS="462" VPOS="1299" WIDTH="14"/>
						<String ID="P10_ST00128" HPOS="476" VPOS="1279" WIDTH="82" HEIGHT="33" CONTENT="gave" WC="0.79" CC="0080"/>
						<SP ID="P10_SP00109" HPOS="558" VPOS="1312" WIDTH="12"/>
						<String ID="P10_ST00129" HPOS="570" VPOS="1279" WIDTH="69" HEIGHT="32" CONTENT="you" WC="0.30" CC="757"/>
						<SP ID="P10_SP00110" HPOS="639" VPOS="1312" WIDTH="17"/>
						<String ID="P10_ST00130" HPOS="656" VPOS="1268" WIDTH="98" HEIGHT="32" CONTENT="when" WC="0.68" CC="0408"/>
						<SP ID="P10_SP00111" HPOS="754" VPOS="1312" WIDTH="14"/>
						<String ID="P10_ST00131" HPOS="768" VPOS="1278" WIDTH="68" HEIGHT="35" CONTENT="you" WC="0.55" CC="174"/>
						<SP ID="P10_SP00112" HPOS="836" VPOS="1313" WIDTH="15"/>
						<String ID="P10_ST00132" HPOS="851" VPOS="1268" WIDTH="82" HEIGHT="31" CONTENT="took" WC="0.50" CC="6480"/>
						<SP ID="P10_SP00113" HPOS="933" VPOS="1313" WIDTH="12"/>
						<String ID="P10_ST00133" HPOS="945" VPOS="1267" WIDTH="57" HEIGHT="33" CONTENT="the" WC="0.78" CC="050"/>
						<SP ID="P10_SP00114" HPOS="1002" VPOS="1313" WIDTH="13"/>
						<String ID="P10_ST00134" HPOS="1015" VPOS="1268" WIDTH="77" HEIGHT="41" CONTENT="veil," WC="0.69" CC="00816"/>
					</TextLine>
					<TextLine ID="P10_TL00020" HPOS="278" VPOS="1328" WIDTH="867" HEIGHT="47">
						<String ID="P10_ST00135" HPOS="278" VPOS="1330" WIDTH="79" HEIGHT="34" CONTENT="Nor" WC="0.18" CC="877"/>
						<SP ID="P10_SP00115" HPOS="357" VPOS="1364" WIDTH="14"/>
						<String ID="P10_ST00136" HPOS="371" VPOS="1328" WIDTH="102" HEIGHT="34" CONTENT="fear'd" WC="0.54" CC="747800"/>
						<SP ID="P10_SP00116" HPOS="473" VPOS="1364" WIDTH="14"/>
						<String ID="P10_ST00137" HPOS="487" VPOS="1341" WIDTH="19" HEIGHT="21" CONTENT="a" WC="0.75" CC="2"/>
						<SP ID="P10_SP00117" HPOS="506" VPOS="1364" WIDTH="14"/>
						<String ID="P10_ST00138" HPOS="520" VPOS="1330" WIDTH="82" HEIGHT="33" CONTENT="rival" WC="0.65" CC="47050"/>
						<SP ID="P10_SP00118" HPOS="602" VPOS="1364" WIDTH="14"/>
						<String ID="P10_ST00139" HPOS="616" VPOS="1330" WIDTH="135" HEIGHT="44" CONTENT="though" WC="0.68" CC="030705"/>
						<SP ID="P10_SP00119" HPOS="751" VPOS="1374" WIDTH="18"/>
						<String ID="P10_ST00140" HPOS="769" VPOS="1331" WIDTH="14" HEIGHT="31" CONTENT="I" WC="0.92" CC="0"/>
						<SP ID="P10_SP00120" HPOS="783" VPOS="1374" WIDTH="18"/>
						<String ID="P10_ST00141" HPOS="801" VPOS="1329" WIDTH="151" HEIGHT="46" CONTENT="thought" WC="0.68" CC="4024252"/>
						<SP ID="P10_SP00121" HPOS="952" VPOS="1375" WIDTH="17"/>
						<String ID="P10_ST00142" HPOS="969" VPOS="1342" WIDTH="69" HEIGHT="33" CONTENT="you" WC="0.61" CC="531"/>
						<SP ID="P10_SP00122" HPOS="1038" VPOS="1375" WIDTH="17"/>
						<String ID="P10_ST00143" HPOS="1055" VPOS="1330" WIDTH="90" HEIGHT="38" CONTENT="frail." WC="0.36" CC="488087"/>
					</TextLine>
					<TextLine ID="P10_TL00021" HPOS="280" VPOS="1389" WIDTH="722" HEIGHT="44">
						<String ID="P10_ST00144" HPOS="280" VPOS="1389" WIDTH="66" HEIGHT="34" CONTENT="For" WC="0.75" CC="007"/>
						<SP ID="P10_SP00123" HPOS="346" VPOS="1423" WIDTH="14"/>
						<String ID="P10_ST00145" HPOS="360" VPOS="1390" WIDTH="77" HEIGHT="34" CONTENT="who" WC="0.76" CC="042"/>
						<SP ID="P10_SP00124" HPOS="437" VPOS="1424" WIDTH="12"/>
						<String ID="P10_ST00146" HPOS="449" VPOS="1392" WIDTH="93" HEIGHT="33" CONTENT="dares" WC="0.78" CC="30500"/>
						<SP ID="P10_SP00125" HPOS="542" VPOS="1425" WIDTH="12"/>
						<String ID="P10_ST00147" HPOS="554" VPOS="1392" WIDTH="124" HEIGHT="33" CONTENT="violate" WC="0.67" CC="0763410"/>
						<SP ID="P10_SP00126" HPOS="678" VPOS="1425" WIDTH="17"/>
						<String ID="P10_ST00148" HPOS="695" VPOS="1392" WIDTH="57" HEIGHT="33" CONTENT="the" WC="0.65" CC="225"/>
						<SP ID="P10_SP00127" HPOS="752" VPOS="1425" WIDTH="16"/>
						<String ID="P10_ST00149" HPOS="768" VPOS="1391" WIDTH="110" HEIGHT="34" CONTENT="sacred" WC="0.66" CC="450802"/>
						<SP ID="P10_SP00128" HPOS="878" VPOS="1425" WIDTH="12"/>
						<String ID="P10_ST00150" HPOS="890" VPOS="1394" WIDTH="112" HEIGHT="39" CONTENT="dome," WC="0.71" CC="32106"/>
					</TextLine>
				</TextBlock>
				<TextBlock ID="P10_TB00006" HPOS="278" VPOS="1451" WIDTH="949" HEIGHT="114" STYLEREFS="TXT_1 PAR_LEFT">
					<TextLine ID="P10_TL00022" HPOS="281" VPOS="1452" WIDTH="946" HEIGHT="47">
						<String ID="P10_ST00151" HPOS="281" VPOS="1452" WIDTH="126" HEIGHT="33" CONTENT="Where" WC="0.40" CC="76284"/>
						<SP ID="P10_SP00129" HPOS="407" VPOS="1485" WIDTH="12"/>
						<String ID="P10_ST00152" HPOS="419" VPOS="1452" WIDTH="189" HEIGHT="35" CONTENT="abstinence" WC="0.72" CC="5100760600"/>
						<SP ID="P10_SP00130" HPOS="608" VPOS="1487" WIDTH="18"/>
						<String ID="P10_ST00153" HPOS="626" VPOS="1455" WIDTH="66" HEIGHT="33" CONTENT="and" WC="0.53" CC="076"/>
						<SP ID="P10_SP00131" HPOS="692" VPOS="1488" WIDTH="16"/>
						<String ID="P10_ST00154" HPOS="708" VPOS="1456" WIDTH="112" HEIGHT="43" CONTENT="pray'r" WC="0.56" CC="326308"/>
						<SP ID="P10_SP00132" HPOS="820" VPOS="1499" WIDTH="14"/>
						<String ID="P10_ST00155" HPOS="834" VPOS="1455" WIDTH="83" HEIGHT="33" CONTENT="have" WC="0.55" CC="5560"/>
						<SP ID="P10_SP00133" HPOS="917" VPOS="1499" WIDTH="19"/>
						<String ID="P10_ST00156" HPOS="936" VPOS="1455" WIDTH="63" HEIGHT="34" CONTENT="fixt" WC="0.74" CC="5500"/>
						<SP ID="P10_SP00134" HPOS="999" VPOS="1499" WIDTH="12"/>
						<String ID="P10_ST00157" HPOS="1011" VPOS="1456" WIDTH="89" HEIGHT="34" CONTENT="their" WC="0.48" CC="46058"/>
						<SP ID="P10_SP00135" HPOS="1100" VPOS="1499" WIDTH="13"/>
						<String ID="P10_ST00158" HPOS="1113" VPOS="1457" WIDTH="114" HEIGHT="37" CONTENT="home." WC="0.54" CC="67620"/>
					</TextLine>
					<TextLine ID="P10_TL00023" HPOS="278" VPOS="1514" WIDTH="783" HEIGHT="51">
						<String ID="P10_ST00159" HPOS="278" VPOS="1514" WIDTH="98" HEIGHT="33" CONTENT="Your" WC="0.48" CC="7543"/>
						<SP ID="P10_SP00136" HPOS="376" VPOS="1547" WIDTH="17"/>
						<String ID="P10_ST00160" HPOS="393" VPOS="1514" WIDTH="153" HEIGHT="34" CONTENT="husband" WC="0.42" CC="6476770"/>
						<SP ID="P10_SP00137" HPOS="546" VPOS="1548" WIDTH="18"/>
						<String ID="P10_ST00161" HPOS="564" VPOS="1518" WIDTH="88" HEIGHT="39" CONTENT="God," WC="0.50" CC="0567"/>
						<SP ID="P10_SP00138" HPOS="652" VPOS="1557" WIDTH="28"/>
						<String ID="P10_ST00162" HPOS="680" VPOS="1530" WIDTH="44" HEIGHT="21" CONTENT="no" WC="0.38" CC="84"/>
						<SP ID="P10_SP00139" HPOS="724" VPOS="1557" WIDTH="8"/>
						<String ID="P10_ST00163" HPOS="732" VPOS="1517" WIDTH="151" HEIGHT="48" CONTENT="jealousy" WC="0.52" CC="70630748"/>
						<SP ID="P10_SP00140" HPOS="883" VPOS="1565" WIDTH="18"/>
						<String ID="P10_ST00164" HPOS="901" VPOS="1519" WIDTH="27" HEIGHT="33" CONTENT="is" WC="0.77" CC="40"/>
						<SP ID="P10_SP00141" HPOS="928" VPOS="1565" WIDTH="21"/>
						<String ID="P10_ST00165" HPOS="949" VPOS="1519" WIDTH="112" HEIGHT="41" CONTENT="mine;" WC="0.49" CC="54508"/>
					</TextLine>
				</TextBlock>
				<TextBlock ID="P10_TB00007" HPOS="280" VPOS="1576" WIDTH="519" HEIGHT="48" STYLEREFS="TXT_1 PAR_LEFT">
					<TextLine ID="P10_TL00024" HPOS="280" VPOS="1576" WIDTH="519" HEIGHT="48">
						<String ID="P10_ST00166" HPOS="280" VPOS="1576" WIDTH="56" HEIGHT="32" CONTENT="To" WC="0.80" CC="21"/>
						<SP ID="P10_SP00142" HPOS="336" VPOS="1608" WIDTH="14"/>
						<String ID="P10_ST00167" HPOS="350" VPOS="1588" WIDTH="18" HEIGHT="21" CONTENT="a" WC="1.00" CC="0"/>
						<SP ID="P10_SP00143" HPOS="368" VPOS="1609" WIDTH="18"/>
						<String ID="P10_ST00168" HPOS="386" VPOS="1578" WIDTH="143" HEIGHT="34" CONTENT="celestial" WC="0.71" CC="001500854"/>
						<SP ID="P10_SP00144" HPOS="529" VPOS="1612" WIDTH="18"/>
						<String ID="P10_ST00169" HPOS="547" VPOS="1579" WIDTH="83" HEIGHT="34" CONTENT="rival" WC="0.83" CC="04020"/>
						<SP ID="P10_SP00145" HPOS="630" VPOS="1613" WIDTH="18"/>
						<String ID="P10_ST00170" HPOS="648" VPOS="1582" WIDTH="15" HEIGHT="31" CONTENT="I" WC="1.00" CC="0"/>
						<SP ID="P10_SP00146" HPOS="663" VPOS="1613" WIDTH="18"/>
						<String ID="P10_ST00171" HPOS="681" VPOS="1581" WIDTH="118" HEIGHT="43" CONTENT="resign." WC="0.52" CC="6288080"/>
					</TextLine>
				</TextBlock>
				<TextBlock ID="P10_TB00008" HPOS="278" VPOS="1639" WIDTH="895" HEIGHT="115" STYLEREFS="TXT_1 PAR_LEFT">
					<TextLine ID="P10_TL00025" HPOS="278" VPOS="1640" WIDTH="836" HEIGHT="52">
						<String ID="P10_ST00172" HPOS="278" VPOS="1640" WIDTH="251" HEIGHT="45" CONTENT="Serenely-then" WC="0.71" CC="2080801660200"/>
						<SP ID="P10_SP00147" HPOS="529" VPOS="1685" WIDTH="19"/>
						<String ID="P10_ST00173" HPOS="548" VPOS="1645" WIDTH="148" HEIGHT="44" CONTENT="prolong" WC="0.63" CC="1824080"/>
						<SP ID="P10_SP00148" HPOS="696" VPOS="1689" WIDTH="17"/>
						<String ID="P10_ST00174" HPOS="713" VPOS="1657" WIDTH="88" HEIGHT="33" CONTENT="your" WC="0.49" CC="4078"/>
						<SP ID="P10_SP00149" HPOS="801" VPOS="1690" WIDTH="17"/>
						<String ID="P10_ST00175" HPOS="818" VPOS="1646" WIDTH="173" HEIGHT="34" CONTENT="blameless" WC="0.57" CC="558234340"/>
						<SP ID="P10_SP00150" HPOS="991" VPOS="1690" WIDTH="18"/>
						<String ID="P10_ST00176" HPOS="1009" VPOS="1647" WIDTH="80" HEIGHT="45" CONTENT="days" WC="0.74" CC="7110"/>
						<SP ID="P10_SP00151" HPOS="1089" VPOS="1692" WIDTH="16"/>
						<String ID="P10_ST00177" HPOS="1105" VPOS="1665" WIDTH="9" HEIGHT="25" CONTENT=";" WC="0.16" CC="8"/>
					</TextLine>
					<TextLine ID="P10_TL00026" HPOS="278" VPOS="1700" WIDTH="895" HEIGHT="54">
						<String ID="P10_ST00178" HPOS="278" VPOS="1700" WIDTH="99" HEIGHT="34" CONTENT="With" WC="0.54" CC="5236"/>
						<SP ID="P10_SP00152" HPOS="377" VPOS="1734" WIDTH="18"/>
						<String ID="P10_ST00179" HPOS="395" VPOS="1704" WIDTH="195" HEIGHT="46" CONTENT="meek-eyed" WC="0.53" CC="801470648"/>
						<SP ID="P10_SP00153" HPOS="590" VPOS="1750" WIDTH="18"/>
						<String ID="P10_ST00180" HPOS="608" VPOS="1706" WIDTH="142" HEIGHT="47" CONTENT="Charity" WC="0.51" CC="0836635"/>
						<SP ID="P10_SP00154" HPOS="750" VPOS="1753" WIDTH="18"/>
						<String ID="P10_ST00181" HPOS="768" VPOS="1707" WIDTH="72" HEIGHT="46" CONTENT="sing" WC="0.75" CC="0071"/>
						<SP ID="P10_SP00155" HPOS="840" VPOS="1753" WIDTH="17"/>
						<String ID="P10_ST00182" HPOS="857" VPOS="1708" WIDTH="125" HEIGHT="46" CONTENT="hymns" WC="0.59" CC="54440"/>
						<SP ID="P10_SP00156" HPOS="982" VPOS="1754" WIDTH="13"/>
						<String ID="P10_ST00183" HPOS="995" VPOS="1708" WIDTH="40" HEIGHT="35" CONTENT="of" WC="0.73" CC="05"/>
						<SP ID="P10_SP00157" HPOS="1035" VPOS="1754" WIDTH="21"/>
						<String ID="P10_ST00184" HPOS="1056" VPOS="1709" WIDTH="117" HEIGHT="45" CONTENT="praise." WC="0.55" CC="4307770"/>
					</TextLine>
				</TextBlock>
				<TextBlock ID="P10_TB00009" HPOS="325" VPOS="1825" WIDTH="769" HEIGHT="48" STYLEREFS="TXT_1 PAR_LEFT">
					<TextLine ID="P10_TL00027" HPOS="326" VPOS="1826" WIDTH="768" HEIGHT="47">
						<String ID="P10_ST00185" HPOS="326" VPOS="1826" WIDTH="56" HEIGHT="32" CONTENT="Ah" WC="0.56" CC="26"/>
						<SP ID="P10_SP00158" HPOS="382" VPOS="1858" WIDTH="13"/>
						<String ID="P10_ST00186" HPOS="395" VPOS="1827" WIDTH="5" HEIGHT="32" CONTENT="!" WC="1.00" CC="0"/>
						<SP ID="P10_SP00159" HPOS="400" VPOS="1859" WIDTH="29"/>
						<String ID="P10_ST00187" HPOS="429" VPOS="1828" WIDTH="157" HEIGHT="41" CONTENT="Abelard," WC="0.59" CC="02232676"/>
						<SP ID="P10_SP00160" HPOS="586" VPOS="1869" WIDTH="28"/>
						<String ID="P10_ST00188" HPOS="614" VPOS="1830" WIDTH="121" HEIGHT="35" CONTENT="should" WC="0.32" CC="872875"/>
						<SP ID="P10_SP00161" HPOS="735" VPOS="1869" WIDTH="19"/>
						<String ID="P10_ST00189" HPOS="754" VPOS="1831" WIDTH="67" HEIGHT="35" CONTENT="this" WC="0.63" CC="0670"/>
						<SP ID="P10_SP00162" HPOS="821" VPOS="1869" WIDTH="19"/>
						<String ID="P10_ST00190" HPOS="840" VPOS="1832" WIDTH="123" HEIGHT="36" CONTENT="induce" WC="0.64" CC="508700"/>
						<SP ID="P10_SP00163" HPOS="963" VPOS="1869" WIDTH="18"/>
						<String ID="P10_ST00191" HPOS="981" VPOS="1833" WIDTH="113" HEIGHT="40" CONTENT="belief," WC="0.62" CC="0227056"/>
					</TextLine>
				</TextBlock>
				<TextBlock ID="P10_TB00010" HPOS="276" VPOS="1887" WIDTH="966" HEIGHT="178" STYLEREFS="TXT_1 PAR_LEFT">
					<TextLine ID="P10_TL00028" HPOS="276" VPOS="1888" WIDTH="966" HEIGHT="56">
						<String ID="P10_ST00192" HPOS="276" VPOS="1888" WIDTH="98" HEIGHT="32" CONTENT="Your" WC="0.69" CC="0408"/>
						<SP ID="P10_SP00164" HPOS="374" VPOS="1920" WIDTH="18"/>
						<String ID="P10_ST00193" HPOS="392" VPOS="1900" WIDTH="71" HEIGHT="33" CONTENT="eyes" WC="0.85" CC="0041"/>
						<SP ID="P10_SP00165" HPOS="463" VPOS="1933" WIDTH="19"/>
						<String ID="P10_ST00194" HPOS="482" VPOS="1893" WIDTH="114" HEIGHT="33" CONTENT="would" WC="0.64" CC="02707"/>
						<SP ID="P10_SP00166" HPOS="596" VPOS="1933" WIDTH="15"/>
						<String ID="P10_ST00195" HPOS="611" VPOS="1893" WIDTH="120" HEIGHT="37" CONTENT="stream" WC="0.48" CC="008768"/>
						<SP ID="P10_SP00167" HPOS="731" VPOS="1933" WIDTH="18"/>
						<String ID="P10_ST00196" HPOS="749" VPOS="1894" WIDTH="84" HEIGHT="34" CONTENT="with" WC="0.65" CC="1605"/>
						<SP ID="P10_SP00168" HPOS="833" VPOS="1933" WIDTH="17"/>
						<String ID="P10_ST00197" HPOS="850" VPOS="1896" WIDTH="128" HEIGHT="37" CONTENT="swifter" WC="0.55" CC="5074254"/>
						<SP ID="P10_SP00169" HPOS="978" VPOS="1933" WIDTH="17"/>
						<String ID="P10_ST00198" HPOS="995" VPOS="1896" WIDTH="72" HEIGHT="35" CONTENT="rills" WC="0.77" CC="07400"/>
						<SP ID="P10_SP00170" HPOS="1067" VPOS="1933" WIDTH="16"/>
						<String ID="P10_ST00199" HPOS="1083" VPOS="1897" WIDTH="41" HEIGHT="34" CONTENT="of" WC="0.67" CC="06"/>
						<SP ID="P10_SP00171" HPOS="1124" VPOS="1933" WIDTH="20"/>
						<String ID="P10_ST00200" HPOS="1144" VPOS="1899" WIDTH="98" HEIGHT="45" CONTENT="grief." WC="0.57" CC="686040"/>
					</TextLine>
					<TextLine ID="P10_TL00029" HPOS="278" VPOS="1949" WIDTH="802" HEIGHT="55">
						<String ID="P10_ST00201" HPOS="278" VPOS="1949" WIDTH="66" HEIGHT="38" CONTENT="D,ul" WC="0.58" CC="7080"/>
						<SP ID="P10_SP00172" HPOS="344" VPOS="1987" WIDTH="16"/>
						<String ID="P10_ST00202" HPOS="360" VPOS="1961" WIDTH="67" HEIGHT="33" CONTENT="you" WC="0.68" CC="161"/>
						<SP ID="P10_SP00173" HPOS="427" VPOS="1994" WIDTH="20"/>
						<String ID="P10_ST00203" HPOS="447" VPOS="1952" WIDTH="123" HEIGHT="36" CONTENT="resolve" WC="0.50" CC="7518363"/>
						<SP ID="P10_SP00174" HPOS="570" VPOS="1994" WIDTH="20"/>
						<String ID="P10_ST00204" HPOS="590" VPOS="1963" WIDTH="35" HEIGHT="25" CONTENT="to" WC="0.53" CC="71"/>
						<SP ID="P10_SP00175" HPOS="625" VPOS="1994" WIDTH="15"/>
						<String ID="P10_ST00205" HPOS="640" VPOS="1956" WIDTH="106" HEIGHT="38" CONTENT="write," WC="0.56" CC="185055"/>
						<SP ID="P10_SP00176" HPOS="746" VPOS="1994" WIDTH="28"/>
						<String ID="P10_ST00206" HPOS="774" VPOS="1956" WIDTH="85" HEIGHT="35" CONTENT="with" WC="0.70" CC="2701"/>
						<SP ID="P10_SP00177" HPOS="859" VPOS="1994" WIDTH="18"/>
						<String ID="P10_ST00207" HPOS="877" VPOS="1958" WIDTH="101" HEIGHT="46" CONTENT="pious" WC="0.78" CC="37000"/>
						<SP ID="P10_SP00178" HPOS="978" VPOS="2004" WIDTH="19"/>
						<String ID="P10_ST00208" HPOS="997" VPOS="1961" WIDTH="83" HEIGHT="40" CONTENT="zeal," WC="0.81" CC="00602"/>
					</TextLine>
					<TextLine ID="P10_TL00030" HPOS="276" VPOS="2011" WIDTH="883" HEIGHT="54">
						<String ID="P10_ST00209" HPOS="276" VPOS="2011" WIDTH="54" HEIGHT="33" CONTENT="To" WC="0.38" CC="57"/>
						<SP ID="P10_SP00179" HPOS="330" VPOS="2044" WIDTH="19"/>
						<String ID="P10_ST00210" HPOS="349" VPOS="2015" WIDTH="133" HEIGHT="45" CONTENT="quench" WC="0.48" CC="844706"/>
						<SP ID="P10_SP00180" HPOS="482" VPOS="2060" WIDTH="16"/>
						<String ID="P10_ST00211" HPOS="498" VPOS="2016" WIDTH="59" HEIGHT="35" CONTENT="her" WC="0.53" CC="805"/>
						<SP ID="P10_SP00181" HPOS="557" VPOS="2060" WIDTH="15"/>
						<String ID="P10_ST00212" HPOS="572" VPOS="2018" WIDTH="85" HEIGHT="42" CONTENT="love," WC="0.36" CC="87347"/>
						<SP ID="P10_SP00182" HPOS="657" VPOS="2060" WIDTH="28"/>
						<String ID="P10_ST00213" HPOS="685" VPOS="2021" WIDTH="66" HEIGHT="33" CONTENT="and" WC="0.43" CC="745"/>
						<SP ID="P10_SP00183" HPOS="751" VPOS="2060" WIDTH="18"/>
						<String ID="P10_ST00214" HPOS="769" VPOS="2032" WIDTH="88" HEIGHT="33" CONTENT="your" WC="0.52" CC="6065"/>
						<SP ID="P10_SP00184" HPOS="857" VPOS="2065" WIDTH="13"/>
						<String ID="P10_ST00215" HPOS="870" VPOS="2021" WIDTH="181" HEIGHT="39" CONTENT="exilement" WC="0.54" CC="363708360"/>
						<SP ID="P10_SP00185" HPOS="1051" VPOS="2065" WIDTH="18"/>
						<String ID="P10_ST00216" HPOS="1069" VPOS="2025" WIDTH="64" HEIGHT="35" CONTENT="seal" WC="0.65" CC="4432"/>
						<SP ID="P10_SP00186" HPOS="1133" VPOS="2065" WIDTH="15"/>
						<String ID="P10_ST00217" HPOS="1148" VPOS="2027" WIDTH="11" HEIGHT="33" CONTENT="?" WC="0.59" CC="4"/>
					</TextLine>
				</TextBlock>
				<TextBlock ID="P10_TB00011" HPOS="1391" VPOS="2095" WIDTH="60" HEIGHT="34" STYLEREFS="TXT_1 PAR_RIGHT">
					<TextLine ID="P10_TL00031" HPOS="1392" VPOS="2096" WIDTH="59" HEIGHT="33">
						<String ID="P10_ST00218" HPOS="1392" VPOS="2096" WIDTH="59" HEIGHT="33" CONTENT="No" WC="0.54" CC="17"/>
					</TextLine>
				</TextBlock>
			</PrintSpace>
		</Page>
	</Layout>
</alto>
